"","universal.fish.number","date.processed1","date.processed2","date.caught","time","time.int","site","sampler","species","cwt","adipose","weight","stom.weight","cont.fw","cont.etohw","cont.www","cont.ww","content.w.corrected","perc.BW","fullness.cat","fullness.avg","fullness.est","DI","contents","dom.prey","contents.comments","standard.length","fork.length","stomach.tray","carcass.bag","photo","comments.processing","comments.sample","qc.data","dissection.state"
"1","U14109",2017-07-27,2017-10-13,2017-06-14,09:00:00,3,"D09","DFO","SO","none","none",28.5,2.3703,NA,NA,0,0,0,0,"0",0,"0",NA,NA,NA,NA,134,140,149,55,"n","ISO, FA, DNA, oto, stom collection.",NA,"SJ","irregular work-up"
"2","U14371",2017-07-26,2017-09-18,2017-06-15,05:00:00,1,"D09","DFO","SO","none","none",18.8,NA,0,0,NA,0,0,0,"0",0,"0",NA,NA,NA,NA,116,NA,NA,54,"n","Fresh contents extracted and preserved in 25ml vials of EtOH.","worm on stomach","SJ","irregular work-up"
"3","U15437",2017-07-27,2017-09-22,2017-06-30,13:30:00,5,"D09","Hakai","SO","none","none",24.1,NA,0,0,NA,0,0,0,"0",0,"0",NA,NA,NA,NA,130,135,NA,55,"n","Fresh contents extracted and preserved in 25ml vials of EtOH.","worm on stomach","SJ","irregular work-up"
"4","U14101",2017-07-20,2017-10-12,2017-06-14,09:00:00,3,"D09","DFO","SO","none","none",24.7,2.0671,NA,NA,0.0069,0.0036,0.005616,0.022736842,"1-2",12.5,"5",3,"C","Copepod","C, A",130,136,NA,54,"n","ISO, FA, DNA, oto, stom collection.","hemmoraging on pelvic and anal fins","SJ","irregular work-up"
"5","U14102",2017-07-20,2017-10-12,2017-06-14,09:00:00,3,"D09","DFO","SO","none","none",17.8,1.8832,NA,NA,0.0353,0.0211,0.032916,0.184921348,"1-2",12.5,"25",1,"C","Copepod","C, O",113,119,NA,54,"n","ISO, FA, DNA, oto, stom collection.",NA,"SJ","irregular work-up"
"6","U14106",2017-07-27,2017-10-13,2017-06-14,09:00:00,3,"D09","DFO","SO","none","none",22.7,NA,NA,NA,0.0176,0.0112,0.017472,0.076969163,"1-2",12.5,"15",3,"C","Copepod","C",125,132,NA,55,"n","ISO, FA, DNA, oto, stom collection.",NA,"SJ","irregular work-up"
"7","U14107",2017-07-27,2017-10-13,2017-06-14,09:00:00,3,"D09","DFO","SO","none","none",17.5,1.599,NA,NA,0.0204,0.015,0.0234,0.133714286,"1-2",12.5,"20",3,"C","Copepod","C, A",118,124,NA,55,"n","ISO, FA, DNA, oto, stom collection.",NA,"SJ","irregular work-up"
"8","U14110",2017-07-27,2017-10-13,2017-06-14,09:00:00,3,"D09","DFO","SO","none","none",24.1,2.0904,NA,NA,0.036,0.0237,0.036972,0.153410788,"1-2",12.5,"30",3,"C","Decapod","D, A, C",129,136,149,55,"n","ISO, FA, DNA, oto, stom collection.",NA,"SJ","irregular work-up"
"9","U14372",2017-07-26,2017-09-21,2017-06-15,05:00:00,1,"D09","DFO","SO","none","none",18.1,NA,0.0166,0.0123,NA,0.0117,0.018252,0.100839779,"1-2",12.5,"20",3,"C","Amphipod","A,",116,NA,NA,54,"n","Fresh contents extracted and preserved in 25ml vials of EtOH.","cyst on stomach","SJ","irregular work-up"
"10","U14377",2017-07-26,2017-09-21,2017-06-15,05:00:00,1,"D09","DFO","SO","none","none",23.3,NA,0.0124,0.0072,NA,0.0078,0.012168,0.052223176,"1-2",12.5,"15",3,"C","Amphipod","A, D, C",125,132,NA,55,"n","Fresh contents extracted and preserved in 25ml vials of EtOH.",NA,"SJ","irregular work-up"
"11","U14401",2017-07-20,2017-10-13,2017-06-15,07:00:00,2,"D09","DFO","SO","none","none",18.1,2.0005,NA,NA,0.0264,0.0163,0.025428,0.140486188,"1-2",12.5,"20",3,"C","Amphipod","A, C, D",116,122,149,53,"n","ISO, FA, DNA, oto, stom collection.",NA,"SJ","irregular work-up"
"12","U14402",2017-07-20,2017-10-13,2017-06-15,07:00:00,2,"D09","DFO","SO","none","none",18.5,1.7429,NA,NA,0.0434,0.0239,0.037284,0.201535135,"1-2",12.5,"20",3,"C","Decapod","C, A, D",115,119,149,53,"n","ISO, FA, DNA, oto, stom collection.",NA,"SJ","irregular work-up"
"13","U14405",2017-07-20,NA,2017-06-15,07:00:00,2,"D09","DFO","SO","none","none",20,1.9977,NA,NA,0.0173,0.0113,0.017628,0.08814,"1-2",12.5,"15",3,"C","Copepod","C, A, D",115,NA,149,54,"n","ISO, FA, DNA, oto, stom collection.","caudal fin broken off","SJ","irregular work-up"
"14","U14407",2017-07-20,NA,2017-06-15,07:00:00,2,"D09","DFO","SO","none","none",16.8,1.5141,NA,NA,0.0335,0.0204,0.031824,0.189428571,"1-2",12.5,"25",3,"C","Amphipod","A, C, D",109,113,149,54,"n","ISO, FA, DNA, oto, stom collection.",NA,"SJ","irregular work-up"
"15","U14408",2017-07-26,NA,2017-06-15,07:00:00,2,"D09","DFO","SO","none","none",15.7,1.5496,NA,NA,0.0166,0.0093,0.014508,0.092407643,"1-2",12.5,"5",1,"C","Copepod","C, D",106,NA,149,54,"n","ISO, FA, DNA, oto, stom collection.",NA,"SJ","irregular work-up"
"16","U14409",2017-07-26,NA,2017-06-15,07:00:00,2,"D09","DFO","SO","none","none",27.6,1.8018,NA,NA,0.0032,0.0019,0.002964,0.01073913,"1-2",12.5,"1",2,"C","Copepod","C, A",123,127,149,54,"n","ISO, FA, DNA, oto, stom collection.",NA,"SJ","irregular work-up"
"17","U15319",2017-07-17,NA,2017-06-29,05:30:00,1,"D09","Hakai","SO","none","none",9.3,NA,NA,NA,0.0038,0.0021,0.003276,0.035225806,"1-2",12.5,"5",1,"C","Copepod","C, Cu, O, I",90,94,NA,53,"n","ISO, FA, DNA, oto, stom collection.",NA,"SJ","irregular work-up"
"18","U15320",2017-07-17,NA,2017-06-29,05:30:00,1,"D09","Hakai","SO","none","none",9.8,0.9724,0.0016,NA,NA,NA,NA,NA,"1-2",12.5,"5",NA,NA,NA,NA,94,99,NA,53,"n","ISO, FA, DNA, oto, stom collection. Stomach opened prior to preserving. Stomach lining and contents returned to same 50ml falcon tube. Discarded contents of tube without weighing. No content ww taken",NA,"SJ","irregular work-up"
"19","U15348",2017-07-19,NA,2017-06-29,07:30:00,2,"D09","Hakai","SO","none","none",11.1,1.2256,NA,NA,NA,0.0105,0.01638,0.147567568,"1-2",12.5,"25",1,"C","Copepod","C, O",97,102,NA,53,"n","ISO, FA, DNA, oto, stom collection.",NA,"SJ","irregular work-up"
"20","U15350",2017-07-19,NA,2017-06-29,07:30:00,2,"D09","Hakai","SO","none","none",17.3,1.3331,NA,NA,0.015,0.011,0.01716,0.099190751,"1-2",12.5,"15",2,"C","Amphipod","A",121,127,NA,53,"n","ISO, FA, DNA, oto, stom collection.",NA,"SJ","irregular work-up"
"21","U15351",2017-07-19,NA,2017-06-29,07:30:00,2,"D09","Hakai","SO","none","none",19,1.5434,NA,NA,0.0208,0.0142,0.022152,0.116589474,"1-2",12.5,"25",2,"C","Copepod","C, Ch, O",114,120,NA,53,"n","ISO, FA, DNA, oto, stom collection.",NA,"SJ","irregular work-up"
"22","U15352",2017-07-19,NA,2017-06-29,07:30:00,2,"D09","Hakai","SO","none","none",12,NA,NA,NA,0.0115,0.0078,0.012168,0.1014,"1-2",12.5,"25",1,"C","Copepod","C, O",97,103,NA,53,"n","ISO, FA, DNA, oto, stom collection.","nematode on stomach","SJ","irregular work-up"
"23","U15353",2017-07-19,NA,2017-06-29,07:30:00,2,"D09","Hakai","SO","none","none",10.6,0.9719,NA,NA,0.0188,0.0126,0.019656,0.185433962,"1-2",12.5,"20",1,"C","Copepod","C, O",99,105,NA,53,"n","ISO, FA, DNA, oto, stom collection.","nematode on intestine","SJ","irregular work-up"
"24","U15354",2017-07-19,NA,2017-06-29,07:30:00,2,"D09","Hakai","SO","none","none",21.3,1.8433,NA,NA,0.0141,0.0106,0.016536,0.077633803,"1-2",12.5,"15",2,"C","Copepod","C",119,126,NA,53,"n","ISO, FA, DNA, oto, stom collection.",NA,"SJ","irregular work-up"
"25","U15379",2017-07-25,2017-09-20,2017-06-29,11:40:00,3,"D09","Hakai","SO","none","none",22,NA,0.0222,0.0143,NA,0.0132,0.020592,0.0936,"1-2",12.5,"20",2,"C","Copepod","C, Ch, A",125,130,NA,54,"n","Fresh contents extracted and preserved in 25ml vials of EtOH.",NA,"SJ","irregular work-up"
"26","U15384",2017-07-26,2017-09-21,2017-06-29,11:40:00,3,"D09","Hakai","SO","none","none",13.5,NA,0.0084,0.0058,NA,0.0058,0.009048,0.067022222,"1-2",12.5,"15",2,"C","Copepod","C, I",106,112,NA,54,"n","Fresh contents extracted and preserved in 25ml vials of EtOH.",NA,"SJ","irregular work-up"
"27","U15385",2017-07-26,2017-09-21,2017-06-29,11:40:00,3,"D09","Hakai","SO","none","none",11.5,NA,0.0084,0.005,NA,0.0046,0.007176,0.0624,"1-2",12.5,"15",3,"G","Oikopleura","O, C, A",101,106,NA,54,"n","Fresh contents extracted and preserved in 25ml vials of EtOH.","worm on liver","SJ","irregular work-up"
"28","U15527",2017-10-20,2017-11-28,2017-06-30,22:25:00,8,"D15","Hakai","SO",NA,NA,14.45,NA,NA,NA,NA,0.0263,0.041028,0.283930796,"1-2",12.5,"25",3,"C","Copepod","C, A, D, I",106,111,151,NA,NA,NA,NA,NA,NA
"29","U15528",2017-10-20,2017-11-28,2017-06-30,22:25:00,8,"D16","Hakai","SO",NA,NA,20.07,NA,NA,NA,NA,0.0128,0.019968,0.099491779,"1-2",12.5,"10",3,"C","Copepod","C, A",124,133,151,NA,NA,NA,NA,NA,NA
"30","U14103",2017-07-20,2017-10-12,2017-06-14,09:00:00,3,"D09","DFO","SO","none","none",21,2.1466,NA,NA,NA,0.0323,0.050388,0.239942857,"26-50",37.5,"30",2,"C","Copepod","C, A, D",120,125,NA,54,"n","ISO, FA, DNA, oto, stom collection.",NA,"SJ","irregular work-up"
"31","U14104",2017-07-20,2017-10-13,2017-06-14,09:00:00,3,"D09","DFO","SO","none","none",11.5,1.2689,NA,NA,0.052,0.0388,0.060528,0.526330435,"26-50",37.5,"35",2,"C","Copepod","C, A",98,104,NA,54,"n","ISO, FA, DNA, oto, stom collection.",NA,"SJ","irregular work-up"
"32","U14105",2017-07-27,2017-10-13,2017-06-14,09:00:00,3,"D09","DFO","SO","none","none",20.5,2.1169,NA,NA,0.035,0.0214,0.033384,0.16284878,"26-50",37.5,"25",1,"C","Copepod","C, O, B",121,127,NA,55,"n","ISO, FA, DNA, oto, stom collection.","Worm on liver","SJ","irregular work-up"
"33","U14108",2017-07-27,2017-10-13,2017-06-14,09:00:00,3,"D09","DFO","SO","none","none",23.4,2.4787,NA,NA,0.1066,0.0621,0.096876,0.414,"26-50",37.5,"35",3,"C","Decapod","D, A, C",124,130,NA,55,"n","ISO, FA, DNA, oto, stom collection.",NA,"SJ","irregular work-up"
"34","U14163",2017-07-25,2017-09-18,2017-06-14,13:00:00,4,"D09","DFO","SO","none","none",19.6,NA,0.0259,0.019,NA,0.0177,0.027612,0.140877551,"26-50",37.5,"40",3,"C","Copepod","C, A, Ch, O",117,NA,NA,54,"y","Fresh contents extracted and preserved in 25ml vials of EtOH","cysts on stomach. internal bleeding","SJ","irregular work-up"
"35","U14168",2017-07-25,2017-09-18,2017-06-14,13:00:00,4,"D09","DFO","SO","none","none",22.6,NA,0.0669,0.046,NA,0.0429,0.066924,0.296123894,"26-50",37.5,"35",3,"C","Decapod","D, C",119,125,NA,54,"y","Fresh contents extracted and preserved in 25ml vials of EtOH","worm on intestine","SJ","irregular work-up"
"36","U14223",2017-10-17,2017-11-20,2017-06-14,17:00:00,6,"D09","DFO","SO",NA,NA,14.72,NA,NA,NA,NA,0.089,0.13884,0.943206522,"26-50",37.5,"45",2,"C","Copepod","C, A, O, Ch",108,114,150,NA,NA,NA,NA,"SJ",NA
"37","U14226",2017-10-17,2017-11-20,2017-06-14,17:00:00,6,"D09","DFO","SO",NA,NA,20.24,NA,NA,NA,NA,0.0471,0.073476,0.363023715,"26-50",37.5,"30",3,"C","Decapod","D, C, A",124,131,150,NA,NA,NA,NA,"SJ",NA
"38","U14230",2017-10-17,2017-11-20,2017-06-14,17:00:00,6,"D09","DFO","SO",NA,NA,20.17,NA,NA,NA,NA,0.0633,0.098748,0.489578582,"26-50",37.5,"35",3,"C","Copepod","C, A, D",116,121,150,NA,NA,NA,NA,"SJ",NA
"39","U14348",2017-10-13,2017-11-18,2017-06-15,02:00:00,7,"D09","DFO","SO",NA,NA,15.15,NA,NA,NA,NA,0.036,0.05616,0.370693069,"26-50",37.5,"40",2,"C","Copepod","C, A",110,116,150,NA,NA,NA,NA,"SJ",NA
"40","U14373",2017-07-26,2017-09-21,2017-06-15,05:00:00,1,"D09","DFO","SO","none","none",19.7,NA,0.0519,0.0439,NA,0.0376,0.058656,0.297746193,"26-50",37.5,"35",3,"C","Copepod","C, Ch, A",114,120,NA,54,"n","Fresh contents extracted and preserved in 25ml vials of EtOH.","cyst on stomach","SJ","irregular work-up"
"41","U14374",2017-07-26,2017-09-21,2017-06-15,05:00:00,1,"D09","DFO","SO","none","none",25,NA,0.0606,0.0439,NA,0.0349,0.054444,0.217776,"26-50",37.5,"30",3,"C","Copepod","C",123,129,NA,54,"n","Fresh contents extracted and preserved in 25ml vials of EtOH.","cyst on stomach","SJ","irregular work-up"
"42","U14375",2017-07-26,2017-09-21,2017-06-15,05:00:00,1,"D09","DFO","SO","none","none",22.3,NA,0.0314,0.0228,NA,0.0195,0.03042,0.136412556,"26-50",37.5,"35",3,"C","Copepod","C",118,124,NA,55,"n","Fresh contents extracted and preserved in 25ml vials of EtOH.",NA,"SJ","irregular work-up"
"43","U14376",2017-07-26,2017-09-21,2017-06-15,05:00:00,1,"D09","DFO","SO","none","none",23.5,NA,0.0167,0.0112,NA,0.0106,0.016536,0.070365957,"26-50",37.5,"35",3,"C","Copepod","C",121,127,NA,55,"n","Fresh contents extracted and preserved in 25ml vials of EtOH.","cysts on stomach","SJ","irregular work-up"
"44","U14378",2017-07-26,2017-09-22,2017-06-15,05:00:00,1,"D09","DFO","SO","none","none",23.2,NA,0.0635,0.0452,NA,0.039,0.06084,0.262241379,"26-50",37.5,"40",2,"C","Copepod","C, A",124,126,NA,55,"n","Fresh contents extracted and preserved in 25ml vials of EtOH.","cysts on stomach","SJ","irregular work-up"
"45","U14379",2017-07-26,2017-09-22,2017-06-15,05:00:00,1,"D09","DFO","SO","none","none",23.5,NA,0.0667,0.0432,NA,0.0405,0.06318,0.268851064,"26-50",37.5,"35",3,"C","Copepod","C, A",123,129,NA,55,"n","Fresh contents extracted and preserved in 25ml vials of EtOH.","cysts on stomach","SJ","irregular work-up"
"46","U14380",2017-07-26,2017-09-22,2017-06-15,05:00:00,1,"D09","DFO","SO","none","none",26.7,NA,0.0767,0.0569,NA,0.0479,0.074724,0.279865169,"26-50",37.5,"40",3,"C","Copepod","C, A, Ch, E",127,132,NA,55,"n","Fresh contents extracted and preserved in 25ml vials of EtOH.","cysts on stomach","SJ","irregular work-up"
"47","U14403",2017-07-20,2017-10-15,2017-06-15,07:00:00,2,"D09","DFO","SO","none","none",17,NA,NA,NA,0.0831,0.0581,0.090636,0.533152941,"26-50",37.5,"50",2,"C","Amphipod","A, C, D, Cap",115,121,149,53,"n","ISO, FA, DNA, oto, stom collection.","hemmoraging in right pelvic fin","SJ","irregular work-up"
"48","U14404",2017-07-20,NA,2017-06-15,07:00:00,2,"D09","DFO","SO","none","none",15.01,1.4816,NA,NA,0.0334,0.0206,0.032136,0.214097268,"26-50",37.5,"30",3,"C","Copepod","C, A, D, Cap",103,NA,149,54,"n","ISO, FA, DNA, oto, stom collection.","caudal fin broken off","SJ","irregular work-up"
"49","U14406",2017-07-20,NA,2017-06-15,07:00:00,2,"D09","DFO","SO","none","none",16.1,1.5625,NA,NA,0.1175,0.0789,0.123084,0.764496894,"26-50",37.5,"50",2,"C","Amphipod","A, C, D",117,NA,149,53,"n","ISO, FA, DNA, oto, stom collection.","caudal fin broken off","SJ","irregular work-up"
"50","U14410",2017-07-26,NA,2017-06-15,07:00:00,2,"D09","DFO","SO","none","none",21.3,1.7998,NA,NA,0.0956,0.056,0.08736,0.410140845,"26-50",37.5,"45",3,"C","Amphipod","A, D, C",113,117,149,54,"n","ISO, FA, DNA, oto, stom collection.",NA,"SJ","irregular work-up"
"51","U15316",2017-07-17,NA,2017-06-29,04:50:00,1,"D09","Hakai","SO","none","none",17.1,NA,NA,NA,NA,0.0152,0.023712,0.138666667,"26-50",37.5,"35",3,"C","Copepod","C, A,",120,124,NA,53,"n","ISO, FA, DNA, oto, stom collection. fish out for 20 mins during dissection, but FA and iso were put straight into -80",NA,"SJ","irregular work-up"
"52","U15318",2017-07-17,NA,2017-06-29,05:30:00,1,"D09","Hakai","SO","none","none",17.9,NA,NA,NA,0.0334,0.0234,0.036504,0.203932961,"26-50",37.5,"35",2,"C","Copepod","C, Ch, A",118,124,NA,53,"n","ISO, FA, DNA, oto, stom collection.",NA,"SJ","irregular work-up"
"53","U15322",2017-07-19,NA,2017-06-29,06:25:00,1,"D09","Hakai","SO","none","none",21.3,NA,NA,NA,0.0587,0.046,0.07176,0.336901408,"26-50",37.5,"45",2,"C","Copepod","C, O",125,129,NA,53,"n","ISO, FA, DNA, oto, stom collection.","white cyst on stomach","SJ","irregular work-up"
"54","U15346",2017-07-19,NA,2017-06-29,07:30:00,2,"D09","Hakai","SO","none","none",18.9,1.7616,NA,NA,0.0322,0.0233,0.036348,0.19231746,"26-50",37.5,"45",2,"C","Copepod","C, O, A",118,124,NA,53,"n","ISO, FA, DNA, oto, stom collection.","one otolith broken","SJ","irregular work-up"
"55","U15347",2017-07-19,NA,2017-06-29,07:30:00,2,"D09","Hakai","SO","none","none",15.2,1.438,0.0595,NA,NA,0.0269,0.041964,0.276078947,"26-50",37.5,"40",1,"C","Copepod","C,O",112,117,NA,53,"n","ISO, FA, DNA, oto, stom collection. Stomach opened prior to preserving. Stomach lining and contents returned to same 50ml falcon tube","white cyst on stomach","SJ","irregular work-up"
"56","U15349",2017-07-19,NA,2017-06-29,07:30:00,2,"D09","Hakai","SO","none","none",14.1,1.502,NA,NA,0.0385,0.0315,0.04914,0.348510638,"26-50",37.5,"30",2,"C","Copepod","C, O",105,112,NA,53,"n","ISO, FA, DNA, oto, stom collection.","one otolith broken, cyst on stomach","SJ","irregular work-up"
"57","U15376",2017-07-25,2017-09-18,2017-06-29,10:55:00,3,"D09","Hakai","SO","none","none",12.6,NA,0.0144,0.0092,NA,0.0091,0.014196,0.112666667,"26-50",37.5,"35",1,"C","Copepod","C, O",102,106,NA,54,"y","Fresh contents extracted and preserved in 25ml vials of EtOH.",NA,"SJ","irregular work-up"
"58","U15377",2017-07-26,2017-09-20,2017-06-29,10:55:00,3,"D09","Hakai","SO","none","none",13.5,NA,0.0262,0.0175,NA,0.0155,0.02418,0.179111111,"26-50",37.5,"45",2,"C","Copepod","C, D, A, O",103,109,NA,54,"n","Fresh contents extracted and preserved in 25ml vials of EtOH.","worm on stomach","SJ","irregular work-up"
"59","U15380",2017-07-25,2017-09-20,2017-06-29,11:40:00,3,"D09","Hakai","SO","none","none",17.3,NA,0.0782,0.0547,NA,0.0487,0.075972,0.439144509,"26-50",37.5,"45",2,"C","Copepod","C, Ch, A, D",109,116,NA,54,"n","Fresh contents extracted and preserved in 25ml vials of EtOH.","cysts on stomach","SJ","irregular work-up"
"60","U15381",2017-07-25,2017-09-20,2017-06-29,11:40:00,3,"D09","Hakai","SO","none","none",25.4,NA,0.0596,0.0424,NA,0.0367,0.057252,0.225401575,"26-50",37.5,"40",2,"C","Copepod","C, Ch, O, A",128,133,NA,54,"n","Fresh contents extracted and preserved in 25ml vials of EtOH.","cysts on stomach","SJ","irregular work-up"
"61","U15411",2017-10-19,2017-11-21,2017-06-29,13:50:00,4,"D09","Hakai","SO",NA,NA,11.39,NA,NA,NA,NA,0.0305,0.04758,0.417734855,"26-50",37.5,"30",3,"C","Copepod","C, A, O",98,103,151,NA,NA,NA,NA,"SJ",NA
"62","U15440",2017-07-27,2017-09-23,2017-06-30,13:30:00,5,"D09","Hakai","SO","none","none",15,NA,0.0628,0.0469,NA,0.0386,0.060216,0.40144,"26-50",37.5,"50",1,"C","Copepod","C, O, A",113,119,NA,55,"n","Fresh contents extracted and preserved in 25ml vials of EtOH.","cysts on stomach","SJ","irregular work-up"
"63","U15441",2017-07-27,2017-09-23,2017-06-30,13:30:00,5,"D09","Hakai","SO","none","none",17.6,NA,0.1207,0.0951,NA,0.0846,0.131976,0.749863636,"26-50",37.5,"45",1,"C","Copepod","C, O, A, G",114,121,NA,55,"n","Fresh contents extracted and preserved in 25ml vials of EtOH.",NA,"SJ","irregular work-up"
"64","U15443",2017-07-27,2017-09-23,2017-06-30,13:30:00,5,"D09","Hakai","SO","none","none",14,NA,0.0348,0.0264,NA,0.0241,0.037596,0.268542857,"26-50",37.5,"35",2,"G","Oikopleura","O, C, A",110,115,NA,55,"n","Fresh contents extracted and preserved in 25ml vials of EtOH.","cysts on stomach","SJ","irregular work-up"
"65","U15468",2017-10-19,2017-11-22,2017-06-30,16:30:00,6,"D09","Hakai","SO",NA,NA,22.4,NA,NA,NA,NA,0.1325,0.2067,0.922767857,"26-50",37.5,"50",2,"C","Copepod","C, A, Ch, Eg",129,134,151,NA,NA,NA,NA,"SJ",NA
"66","U15473",2017-10-19,2017-11-22,2017-06-30,17:15:00,6,"D09","Hakai","SO",NA,NA,18.34,NA,NA,NA,NA,0.1446,0.225576,1.229967285,"26-50",37.5,"50",2,"C","Copepod","C, A, I, O, G",117,123,151,NA,NA,NA,NA,"SJ",NA
"67","U15475",2017-10-19,2017-11-22,2017-06-30,17:15:00,6,"D09","Hakai","SO",NA,NA,23.15,NA,NA,NA,NA,0.0905,0.14118,0.609848812,"26-50",37.5,"40",2,"C","Copepod","C, A, O",129,138,151,NA,NA,NA,NA,"SJ",NA
"68","U15526",2017-10-20,2017-11-22,2017-06-30,22:25:00,8,"D12","Hakai","SO",NA,NA,19.51,NA,NA,NA,NA,0.0544,0.084864,0.434976935,"26-50",37.5,"40",3,"C","Amphipod","A, C",121,125,151,NA,NA,NA,"stomach has strange appearance with top third seeming stomach-like and the rest was super narrow and had completely digested matter. stomach contained fish scales and food was somewhat grey/shiny in colour.",NA,NA
"69","U14164",2017-07-25,2017-09-18,2017-06-14,13:00:00,4,"D09","DFO","SO","none","none",20.2,2.0922,0.1537,0.1262,NA,0.12,0.1872,0.926732673,"51-75",62.5,"60",1,"C","Copepod","C, A, O",120,126,NA,54,"y","Fresh contents extracted and preserved in 25ml vials of EtOH",NA,"SJ","irregular work-up"
"70","U14165",2017-07-25,2017-09-18,2017-06-14,13:00:00,4,"D09","DFO","SO","none","none",23.6,NA,0.2122,0.1683,NA,0.1582,0.246792,1.045728814,"51-75",62.5,"75",1,"C","Copepod","C, A, Ch, E",125,132,NA,54,"y","Fresh contents extracted and preserved in 25ml vials of EtOH","worm cyst on stomach","SJ","irregular work-up"
"71","U14166",2017-07-25,2017-09-18,2017-06-14,13:00:00,4,"D09","DFO","SO","none","none",20.7,NA,0.1293,0.1004,NA,0.0843,0.131508,0.635304348,"51-75",62.5,"55",2,"C","Copepod","C, A, O",122,128,NA,54,"y","Fresh contents extracted and preserved in 25ml vials of EtOH.","worms on stomach","SJ","irregular work-up"
"72","U14167",2017-07-25,2017-09-18,2017-06-14,13:00:00,4,"D09","DFO","SO","none","none",19,NA,NA,NA,NA,NA,NA,NA,"51-75",62.5,"55",NA,NA,NA,NA,113,119,NA,54,"n","Fresh contents extracted and preserved in 25ml vials of EtOH. Did not record content weight",NA,"SJ","irregular work-up"
"73","U14170",2017-07-25,2017-09-18,2017-06-14,13:00:00,4,"D09","DFO","SO","none","none",18,NA,0.1221,0.0901,NA,0.0786,0.122616,0.6812,"51-75",62.5,"60",2,"C","Copepod","C, A, D",115,NA,NA,54,"y","Fresh contents extracted and preserved in 25ml vials of EtOH.",NA,"SJ","irregular work-up"
"74","U14196",2017-09-27,2017-10-31,2017-06-14,15:00:00,5,"D09","DFO","SO",NA,NA,15.02,NA,NA,NA,NA,0.031,0.04836,0.321970706,"51-75",62.5,"55",2,"C","Copepod","C, O, D",108,113,149,NA,NA,NA,NA,"SJ",NA
"75","U14198",2017-09-28,2017-10-31,2017-06-14,15:00:00,5,"D09","DFO","SO",NA,NA,19.11,NA,NA,NA,NA,0.1234,0.192504,1.007346939,"51-75",62.5,"75",2,"C","Copepod","C, A",117,124,149,NA,NA,"tore esophogus during dissection",NA,"SJ",NA
"76","U14200",2017-09-28,2017-11-01,2017-06-14,15:00:00,5,"D09","DFO","SO",NA,NA,20.02,NA,NA,NA,NA,0.144,0.22464,1.122077922,"51-75",62.5,"70",2,"C","Copepod","C, A",116,122,149,NA,NA,NA,NA,"SJ",NA
"77","U14229",2017-10-17,2017-11-20,2017-06-14,17:00:00,6,"D09","DFO","SO",NA,NA,20.77,NA,NA,NA,NA,0.1824,0.284544,1.369975927,"51-75",62.5,"55",2,"C","Copepod","C, A, D, Ch",115,NA,150,NA,NA,NA,NA,"SJ",NA
"78","U14343",2017-09-28,2017-11-01,2017-06-15,02:00:00,7,"D09","DFO","SO",NA,NA,22.71,NA,NA,NA,NA,0.1883,0.293748,1.29347424,"51-75",62.5,"75",2,"C","Copepod","C, A, E",124,NA,NA,NA,NA,NA,NA,"SJ",NA
"79","U14344",2017-10-13,2017-11-10,2017-06-15,02:00:00,7,"D09","DFO","SO",NA,NA,23.7,NA,NA,NA,NA,0.1082,0.168792,0.712202532,"51-75",62.5,"55",3,"C","Copepod","C, A",125,135,150,NA,NA,NA,NA,"SJ",NA
"80","U14345",2017-10-13,2017-11-10,2017-06-15,02:00:00,7,"D09","DFO","SO",NA,NA,25.92,NA,NA,NA,NA,0.0919,0.143364,0.553101852,"51-75",62.5,"65",2,"C","Copepod","C, A, D, E",130,137,150,NA,NA,NA,NA,"SJ",NA
"81","U15321",2017-07-17,NA,2017-06-29,06:25:00,1,"D09","Hakai","SO","none","none",23.3,1.8504,0.0589,NA,NA,NA,NA,NA,"51-75",62.5,"60",NA,NA,NA,NA,132,137,NA,53,"n","ISO, FA, DNA, oto, stom collection. Stomach opened prior to preserving. Stomach lining and contents returned to same 50ml falcon tube. Discarded contents of tube without weighing. No content ww taken","Nematode cyst on liver","SJ","irregular work-up"
"82","U15355",2017-07-19,NA,2017-06-29,07:30:00,2,"D09","Hakai","SO","none","none",16.8,1.7242,NA,NA,0.0912,0.0723,0.112788,0.671357143,"51-75",62.5,"70",1,"C","Copepod","C, O",113,120,NA,53,"n","ISO, FA, DNA, oto, stom collection.","left otolith broken","SJ","irregular work-up"
"83","U15406",2017-10-19,2017-11-21,2017-06-29,13:50:00,4,"D09","Hakai","SO",NA,NA,20.35,NA,NA,NA,NA,0.1439,0.224484,1.103115479,"51-75",62.5,"60",1,"C","Copepod","C, O, D, A",119,124,150,NA,NA,NA,NA,"SJ",NA
"84","U15407",2017-10-19,2017-11-21,2017-06-29,13:50:00,4,"D09","Hakai","SO",NA,NA,12.61,NA,NA,NA,NA,0.0782,0.121992,0.96742268,"51-75",62.5,"55",2,"C","Copepod","C, O, D",103,109,150,NA,NA,NA,NA,"SJ",NA
"85","U15414",2017-10-19,2017-11-21,2017-06-29,13:50:00,4,"D09","Hakai","SO",NA,NA,20.86,NA,NA,NA,NA,0.2031,0.316836,1.518868648,"51-75",62.5,"70",2,"C","Copepod","C, A, E",120,124,151,NA,NA,NA,NA,"SJ",NA
"86","U15415",2017-10-19,2017-11-21,2017-06-29,13:50:00,4,"D09","Hakai","SO",NA,NA,19.42,NA,NA,NA,NA,0.1316,0.205296,1.057136972,"51-75",62.5,"70",2,"C","Copepod","C, Ch, A, O, D",117,122,151,NA,NA,NA,NA,"SJ",NA
"87","U15438",2017-07-27,2017-09-22,2017-06-30,13:30:00,5,"D09","Hakai","SO","none","none",8.5,NA,0.0709,0.0551,NA,0.0487,0.075972,0.893788235,"51-75",62.5,"55",2,"C","Copepod","C, I, O",95,100,NA,55,"n","Fresh contents extracted and preserved in 25ml vials of EtOH.","cysts on stomach","SJ","irregular work-up"
"88","U15467",2017-10-20,2017-11-22,2017-06-30,16:30:00,6,"D10","Hakai","SO",NA,NA,15.92,NA,NA,NA,NA,0.1244,0.194064,1.218994975,"51-75",62.5,"75",2,"C","Copepod","C, A, O, Ch, G",112,118,151,NA,NA,NA,NA,NA,NA
"89","U15469",2017-10-20,2017-11-22,2017-06-30,16:30:00,6,"D11","Hakai","SO",NA,NA,18.95,NA,NA,NA,NA,0.1082,0.168792,0.890722955,"51-75",62.5,"55",1,"C","Copepod","C, A, O",117,124,151,NA,NA,NA,NA,NA,NA
"90","U15470",2017-10-19,2017-11-22,2017-06-30,16:30:00,6,"D09","Hakai","SO",NA,NA,23.71,NA,NA,NA,NA,0.1519,0.236964,0.999426402,"51-75",62.5,"70",3,"C","Amphipod","A, C",131,136,151,NA,NA,NA,"parasitic worms in stomach","SJ",NA
"91","U15471",2017-10-19,2017-11-22,2017-06-30,16:30:00,6,"D09","Hakai","SO",NA,NA,17.03,NA,NA,NA,NA,0.1107,0.172692,1.014045802,"51-75",62.5,"60",2,"C","Copepod","C, O, A, D",117,123,151,NA,NA,NA,NA,"SJ",NA
"92","U15472",2017-10-19,2017-11-22,2017-06-30,17:15:00,6,"D09","Hakai","SO",NA,NA,17.68,NA,NA,NA,NA,0.0658,0.102648,0.580588235,"51-75",62.5,"65",2,"C","Copepod","C, A, O, G",119,124,151,NA,NA,NA,NA,NA,NA
"93","U15496",2017-10-17,2017-11-20,2017-06-30,19:20:00,7,"D09","Hakai","SO",NA,NA,17.63,NA,NA,NA,NA,0.1332,0.207792,1.17862734,"51-75",62.5,"70",2,"C","Copepod","C, A, D, O",116,NA,150,NA,NA,NA,NA,"SJ",NA
"94","U15497",2017-10-19,2017-11-21,2017-06-30,20:52:00,7,"D09","Hakai","SO",NA,NA,10.89,NA,NA,NA,NA,0.102,0.15912,1.461157025,"51-75",62.5,"70",2,"C","Copepod","C, A, O, G, I",102,NA,150,NA,NA,NA,NA,"SJ",NA
"95","U15498",2017-10-19,2017-11-21,2017-06-30,20:52:00,7,"D09","Hakai","SO",NA,NA,13.13,NA,NA,NA,NA,0.0902,0.140712,1.071683168,"51-75",62.5,"65",2,"C","Copepod","C, O",104,NA,150,NA,NA,NA,NA,"SJ",NA
"96","U15499",2017-10-17,2017-11-20,2017-06-30,20:52:00,7,"D09","Hakai","SO",NA,NA,9.95,NA,NA,NA,NA,0.0494,0.077064,0.774512563,"51-75",62.5,"60",1,"C","Copepod","C, D, O",97,102,150,NA,NA,NA,NA,"SJ",NA
"97","U15529",2017-10-20,2017-11-28,2017-06-30,22:25:00,8,"D13","Hakai","SO",NA,NA,19.55,NA,NA,NA,NA,0.1272,0.198432,1.014997442,"51-75",62.5,"65",2,"C","Copepod","C, A, O, D",124,131,151,NA,NA,NA,NA,NA,NA
"98","U14161",2017-07-25,2017-09-18,2017-06-14,13:00:00,4,"D09","DFO","SO","none","none",22.2,3.1267,0.4019,0.3119,NA,0.2642,0.412152,1.856540541,"76-100",87.5,"95",1,"C","Copepod","C, A",121,126,NA,54,"y","Fresh contents extracted and preserved in 25ml vials of EtOH",NA,"SJ","irregular work-up"
"99","U14162",2017-07-25,2017-09-18,2017-06-14,13:00:00,4,"D09","DFO","SO","none","none",26.3,NA,0.2405,0.1922,NA,0.1778,0.277368,1.054631179,"76-100",87.5,"76",2,"C","Copepod","C, A, E, D, O",126,131,NA,54,"y","Fresh contents extracted and preserved in 25ml vials of EtOH","cysts on stomach","SJ","irregular work-up"
"100","U14169",2017-07-25,2017-09-18,2017-06-14,13:00:00,4,"D09","DFO","SO","none","none",17.5,NA,NA,NA,NA,NA,NA,NA,"76-100",87.5,"85",NA,NA,NA,NA,113,118,NA,54,"n","Fresh contents extracted and preserved in 25ml vials of EtOH. Did not record content weight",NA,"SJ","irregular work-up"
"101","U14191",2017-09-20,2017-10-26,2017-06-14,15:00:00,5,"D09","DFO","SO",NA,NA,17.71,NA,NA,NA,0.1722,0.1238,0.193128,1.090502541,"76-100",87.5,"80",2,"C","Copepod","C, A",118,NA,149,NA,NA,NA,NA,"SJ","irregular work-up"
"102","U14192",2017-09-21,2017-10-31,2017-06-14,15:00:00,5,"D09","DFO","SO",NA,NA,18.26,NA,NA,NA,NA,0.1137,0.177372,0.971369113,"76-100",87.5,"80",2,"C","Copepod","C",120,NA,149,NA,NA,NA,NA,"SJ",NA
"103","U14193",2017-09-27,2017-10-31,2017-06-14,15:00:00,5,"D09","DFO","SO",NA,NA,18.2,NA,NA,NA,NA,0.2871,0.447876,2.460857143,"76-100",87.5,"100",2,"C","Copepod","C, A, G, Ch",112,NA,149,NA,NA,NA,NA,"SJ",NA
"104","U14194",2017-09-27,2017-10-31,2017-06-14,15:00:00,5,"D09","DFO","SO",NA,NA,16.77,NA,NA,NA,NA,0.205,0.3198,1.906976744,"76-100",87.5,"95",2,"C","Copepod","C, A, Ch",111,116,149,NA,NA,NA,NA,"SJ",NA
"105","U14195",2017-09-27,2017-10-31,2017-06-14,15:00:00,5,"D09","DFO","SO",NA,NA,16.51,NA,NA,NA,NA,0.1651,0.257556,1.56,"76-100",87.5,"85",2,"C","Copepod","C, A, E",111,116,149,NA,NA,NA,NA,"SJ",NA
"106","U14197",2017-09-28,2017-10-31,2017-06-14,15:00:00,5,"D09","DFO","SO",NA,NA,16.96,NA,NA,NA,NA,0.2395,0.37362,2.202948113,"76-100",87.5,"80",3,"C","Copepod","C, A, D, G",114,119,149,NA,NA,NA,NA,"SJ",NA
"107","U14199",2017-09-28,2017-10-31,2017-06-14,15:00:00,5,"D09","DFO","SO",NA,NA,24.31,NA,NA,NA,NA,0.1929,0.300924,1.237860963,"76-100",87.5,"80",2,"C","Copepod","C, A, E",122,129,149,NA,NA,NA,NA,"SJ",NA
"108","U14221",2017-10-17,2017-11-18,2017-06-14,17:00:00,6,"D09","DFO","SO",NA,NA,17.28,NA,NA,NA,NA,0.2265,0.35334,2.044791667,"76-100",87.5,"95",2,"C","Copepod","C, A, D, G",116,120,150,NA,NA,NA,NA,"SJ",NA
"109","U14222",2017-10-17,2017-11-18,2017-06-14,17:00:00,6,"D09","DFO","SO",NA,NA,17.28,NA,NA,NA,NA,0.2682,0.418392,2.42125,"76-100",87.5,"90",1,"C","Amphipod","A, D, C",111,NA,150,NA,NA,NA,NA,"SJ",NA
"110","U14224",2017-10-17,2017-11-20,2017-06-14,17:00:00,6,"D09","DFO","SO",NA,NA,18.21,NA,NA,NA,NA,0.1973,0.307788,1.690214168,"76-100",87.5,"76",1,"C","Copepod","C, A, D, O",112,120,150,NA,NA,NA,NA,"SJ",NA
"111","U14225",2017-10-17,2017-11-20,2017-06-14,17:00:00,6,"D09","DFO","SO",NA,NA,18.74,NA,NA,NA,NA,0.282,0.43992,2.347491996,"76-100",87.5,"90",1,"C","Copepod","C, A",119,124,150,NA,NA,NA,NA,"SJ",NA
"112","U14227",2017-10-17,2017-11-20,2017-06-14,17:00:00,6,"D09","DFO","SO",NA,NA,16.82,NA,NA,NA,NA,0.2132,0.332592,1.977360285,"76-100",87.5,"90",1,"C","Copepod","C, A, G",113,115,150,NA,NA,NA,NA,"SJ",NA
"113","U14228",2017-10-17,2017-11-20,2017-06-14,17:00:00,6,"D09","DFO","SO",NA,NA,16.37,NA,NA,NA,NA,0.3405,0.53118,3.244838119,"76-100",87.5,"90",1,"C","Amphipod","A, D, C",111,116,150,NA,NA,NA,NA,"SJ",NA
"114","U14341",2017-09-28,2017-11-01,2017-06-15,02:00:00,7,"D09","DFO","SO",NA,NA,19.08,NA,NA,NA,NA,0.2055,0.32058,1.680188679,"76-100",87.5,"80",2,"C","Copepod","C, A, Ch, E",117,NA,149,NA,NA,NA,NA,"SJ",NA
"115","U14342",2017-09-28,2017-11-01,2017-06-15,02:00:00,7,"D09","DFO","SO",NA,NA,17.02,NA,NA,NA,NA,0.2129,0.332124,1.951374853,"76-100",87.5,"100",2,"C","Copepod","C, A, Ch",113,119,149,NA,NA,NA,NA,"SJ",NA
"116","U14346",2017-10-13,2017-11-10,2017-06-15,02:00:00,7,"D09","DFO","SO",NA,NA,19.25,NA,NA,NA,NA,0.1378,0.214968,1.116716883,"76-100",87.5,"80",3,"C","Copepod","C, A, E",119,NA,150,NA,NA,NA,NA,"SJ",NA
"117","U14347",2017-10-13,2017-11-10,2017-06-15,02:00:00,7,"D09","DFO","SO",NA,NA,19.44,NA,NA,NA,NA,0.0848,0.132288,0.680493827,"76-100",87.5,"80",2,"C","Copepod","C, A, E, B, Ch",120,NA,150,NA,NA,NA,NA,"SJ",NA
"118","U14349",2017-10-13,2017-11-18,2017-06-15,02:00:00,7,"D09","DFO","SO",NA,NA,19.58,NA,NA,NA,NA,0.1757,0.274092,1.399856997,"76-100",87.5,"80",2,"C","Copepod","C",122,126,150,NA,NA,NA,NA,"SJ",NA
"119","U14350",2017-10-13,2017-11-18,2017-06-15,02:00:00,7,"D09","DFO","SO",NA,"none",29.09,NA,NA,NA,NA,0.3492,0.544752,1.87264352,"76-100",87.5,">100",2,"C","Copepod","C, A, E",136,144,150,NA,NA,NA,NA,"SJ",NA
"120","U15317",2017-07-17,NA,2017-06-29,04:50:00,1,"D09","Hakai","SO","none","none",13.6,NA,NA,NA,0.2744,0.1911,0.298116,2.192029412,"76-100",87.5,"100",1,"C","Copepod","C, A, E, Ch",111,116,NA,53,"n","ISO, FA, DNA, oto, stom collection. fish out for 16 mins during dissection, but FA and iso kept on dry ice. wet weight = 0.2744",NA,"SJ","irregular work-up"
"121","U15378",2017-07-26,2017-09-20,2017-06-29,11:40:00,3,"D09","Hakai","SO","none","none",9.1,NA,0.1352,0.0957,NA,0.0855,0.13338,1.465714286,"76-100",87.5,"85",1,"C","Copepod","C, Ch",90,95,NA,54,"n","Fresh contents extracted and preserved in 25ml vials of EtOH.",NA,"SJ","irregular work-up"
"122","U15382",2017-07-26,2017-09-20,2017-06-29,11:40:00,3,"D09","Hakai","SO","none","none",23.2,NA,0.2255,0.1679,NA,0.161,0.25116,1.082586207,"76-100",87.5,"76",1,"C","Copepod","C, O, A",121,137,NA,54,"n","Fresh contents extracted and preserved in 25ml vials of EtOH.",NA,"SJ","irregular work-up"
"123","U15383",2017-07-26,2017-09-21,2017-06-29,11:40:00,3,"D09","Hakai","SO","none","none",15.9,NA,0.3824,0.1841,NA,0.1452,0.226512,1.424603774,"76-100",87.5,"100",1,"G","Chaetognath","Ch, C, O, A",112,118,NA,54,"y","Fresh contents extracted and preserved in 25ml vials of EtOH.","cysts on stomach. stomach distended. Almost 100% chaetognaths!","SJ","irregular work-up"
"124","U15408",2017-10-19,2017-11-21,2017-06-29,13:50:00,4,"D09","Hakai","SO",NA,NA,22.17,NA,NA,NA,NA,0.1711,0.266916,1.203951286,"76-100",87.5,"76",2,"C","Copepod","C, A, O, D",121,127,150,NA,NA,NA,NA,"SJ",NA
"125","U15409",2017-10-19,2017-11-21,2017-06-29,13:50:00,4,"D09","Hakai","SO",NA,NA,19.35,NA,NA,NA,NA,0.2001,0.312156,1.613209302,"76-100",87.5,"80",1,"C","Copepod","C, O, A, Ch",115,120,150,NA,NA,NA,NA,"SJ",NA
"126","U15410",2017-10-19,2017-11-21,2017-06-29,13:50:00,4,"D09","Hakai","SO",NA,NA,23.76,NA,NA,NA,NA,0.2974,0.463944,1.952626263,"76-100",87.5,"90",1,"C","Copepod","C, A, E, Ch",127,134,151,NA,NA,NA,NA,"SJ",NA
"127","U15412",2017-10-19,2017-11-22,2017-06-29,13:50:00,4,"D09","Hakai","SO",NA,NA,15.23,NA,NA,NA,NA,0.2809,0.438204,2.877242285,"76-100",87.5,"100",1,"C","Copepod","C, Ch, A",108,NA,151,NA,NA,NA,NA,"SJ",NA
"128","U15413",2017-10-19,2017-11-21,2017-06-29,13:50:00,4,"D09","Hakai","SO",NA,NA,16.04,NA,NA,NA,NA,0.2676,0.417456,2.602593516,"76-100",87.5,"100",1,"C","Copepod","C, Ch, O, A, D, G",109,116,151,NA,NA,NA,NA,"SJ",NA
"129","U15436",2017-07-27,2017-09-22,2017-06-30,13:30:00,5,"D09","Hakai","SO","none","none",15.2,NA,0.144,0.1119,NA,0.0979,0.152724,1.004763158,"76-100",87.5,"76",1,"C","Copepod","C, A",110,117,NA,55,"n","Fresh contents extracted and preserved in 25ml vials of EtOH.","cysts on stomach","SJ","irregular work-up"
"130","U15439",2017-07-27,2017-09-22,2017-06-30,13:30:00,5,"D09","Hakai","SO","none","none",14.3,NA,0.1281,0.1018,NA,0.0902,0.140712,0.984,"76-100",87.5,"80",1,"C","Copepod","C, A, O",109,114,NA,55,"n","Fresh contents extracted and preserved in 25ml vials of EtOH.","worm on intestine","SJ","irregular work-up"
"131","U15442",2017-07-27,2017-09-23,2017-06-30,13:30:00,5,"D09","Hakai","SO","none","none",10.4,NA,0.1764,0.1314,NA,0.1218,0.190008,1.827,"76-100",87.5,"95",1,"C","Copepod","C, O, Ch",102,108,NA,55,"n","Fresh contents extracted and preserved in 25ml vials of EtOH.",NA,"SJ","irregular work-up"
"132","U15444",2017-07-27,2017-09-23,2017-06-30,13:30:00,5,"D09","Hakai","SO","none","none",9.4,NA,0.2109,0.1523,NA,0.1413,0.220428,2.344978723,"76-100",87.5,"95",1,"C","Copepod","C, Ch, A, O",94,98,NA,55,"n","Fresh contents extracted and preserved in 25ml vials of EtOH.",NA,"SJ","irregular work-up"
"133","U15466",2017-10-19,2017-11-22,2017-06-30,16:30:00,6,"D09","Hakai","SO",NA,NA,8.7,NA,NA,NA,NA,0.1402,0.218712,2.513931034,"76-100",87.5,"100",1,"C","Copepod","C, O",89,95,151,NA,NA,"broke stomach in half",NA,"SJ",NA
"134","U15474",2017-10-19,2017-11-22,2017-06-30,17:15:00,6,"D09","Hakai","SO",NA,NA,23.63,NA,NA,NA,NA,0.3555,0.55458,2.346931866,"76-100",87.5,"100",1,"C","Copepod","C, M, A, E, G, Ch",131,139,151,NA,NA,"retained sample in ethanol due to diversity of contents",NA,"SJ",NA
"135","U15530",2017-10-20,2017-11-28,2017-06-30,22:25:00,8,"D14","Hakai","SO",NA,NA,23.88,NA,NA,NA,NA,0.1215,0.18954,0.793718593,"76-100",87.5,"80",2,"C","Copepod","C, A, O, D",131,136,151,NA,NA,NA,NA,NA,NA
